year,decile,average_change,relative_change
2027,1,1500.0,0.118829
2027,2,1500.0,0.04668
2027,3,1500.0,0.032385
2027,4,1500.0,0.025121
2027,5,1500.0,0.019741
2027,6,1500.0,0.015443
2027,7,1500.0,0.012137
2027,8,1500.0,0.009405
2027,9,1500.0,0.006972
2027,10,1500.0,0.002965
