year,decile,gain_more_5pct,gain_less_5pct,no_change,lose_less_5pct,lose_more_5pct
2027,All,0.1322198345197915,0.8643754041614458,0.003404761318762786,0.0,0.0
2027,1,1.0,0.0,0.0,0.0,0.0
2027,2,0.32219834519791496,0.6778016548020851,0.0,0.0,0.0
2027,3,0.0,1.0,0.0,0.0,0.0
2027,4,0.0,1.0,0.0,0.0,0.0
2027,5,0.0,1.0,0.0,0.0,0.0
2027,6,0.0,1.0,0.0,0.0,0.0
2027,7,0.0,1.0,0.0,0.0,0.0
2027,8,0.0,1.0,0.0,0.0,0.0
2027,9,0.0,1.0,0.0,0.0,0.0
2027,10,0.0,0.9659523868123722,0.03404761318762786,0.0,0.0
